<?xml version="1.0" encoding="UTF-8"?>
<!DOCTYPE suite SYSTEM "https://testng.org/testng-1.0.dtd">
<suite name="Suite">
  <test thread-count="5" name="Test">
    <classes>
      <class name="com.tests.extentReports.RegistrationTest"/>
      <class name="com.tests.extentReports.LogoutTest"/>
      <class name="com.tests.extentReports.PaymentTest"/>
      <class name="com.tests.extentReports.LoginTest1"/>
      <class name="com.tests.extentReports.AccountTest"/>
    </classes>
  </test> <!-- Test -->
</suite> <!-- Suite -->
