<?xml version="1.0" encoding="UTF-8"?>
<!DOCTYPE suite SYSTEM "https://testng.org/testng-1.0.dtd">
<suite name="Regression Suite 2.0">
<test name="Assertion Test">
		<parameter name="browser" value="chrome"></parameter>
		<parameter name="testname" value="Assertion Test"></parameter>
		<classes>
			<class name="com.tests.examples.TestAssertions" >
			<methods>
				<exclude name='HardAssertionTest' />
				<include name='SoftAssertionTest' />
			</methods>
		</class>
		</classes>
	</test> <!-- Test -->
	
	<test name="Cross Browser Test">
		<parameter name="browser" value="chrome"></parameter>
		<parameter name="testname" value="Chrome Test"></parameter>
		<classes>
			<class name="com.tests.examples.TestCrossBrowser" >
			<methods>
				<include name='chromeTest' />
			</methods>
		</class>
		</classes>
	</test> <!-- Test -->
	
	<test name="DropDown Selection Test">
		<parameter name="browser" value="chrome"></parameter>
		<parameter name="testname" value="Drop Down Selection Test"></parameter>
		<classes>
			<class name="com.tests.examples.TestDropDownSelection" >
			<methods>
				<include name='DropDownTest1' />
				<include name='DropDownTest2'></include>
			</methods>
		</class>
		</classes>
	</test> <!-- Test -->
</suite> <!-- Suite -->
